,,,,,,,,,,,,"""=Definitions!$D$3:$D$30""","""=INDIRECT($Mrow number)""","""=INDIRECT($Nrow number)""",,,,
,,,,,,,,,,,,LOV COLUMN 1,LOV COLUMN 2,LOV COLUMN 3,,,,
Material.Code,,GENERIC CODE,"CORRECT 
MATERIAL CODE","Column 2
LOV KEY","Column 3
LOV KEY",COMMENT,KLUBER,"Correct Sonae Code
Kluber",CASTROL,"Correct Sonae Code
Castrol","Other
Manfuacturer","Shape
(Visc Grade for oils)","OILS - Shape Colour
(ID for base oil type)

GREASES - Shape Colour
(ID for diferentiation)","OILS - Background Colour
(Machine Type)

GREASES - Background Colour
(Thickener Type)","UNSPSC
CODE","EOTD
RULE",Hyperlink to tag,
,,,,,,,,,,,,,,,,,,
4110199141,0,OT-32-M,4110199141,OT,OOT,,,,Perfecto HT 5,4110199141,,Square ISO-VG32,Gray-Mineral,Gray-Thermal Oils,,,,
4110199153,0,OO-68-M-EP-WD,4110199153,OO,OOO,,,,Magna SW D 68,4110199153,,Hexagon ISO-VG 68,Black-Mineral - EP - WD,Yellow-Other Oils,,,,
4110201547,0,OO-68-M,4110201547,OO,OOO,,,,Adinol D75,4110201547,,Hexagon ISO-VG 68,Blue-Mineral (GrpII) - H2 Food Safe,Yellow-Other Oils,,,,
4110179178,0,OO-50-S(POE),4110199095,OO,OOO,,HOTEMP SUPER C 2-50,4110199095,,,,,,,,,,
4110199095,0,OO-50-S(POE),4110199095,OO,OOO,,HOTEMP SUPER C 2-50,4110199095,,,,Pentagon ISO-VG 46,White-Synthetic - POE,Yellow-Other Oils,,,,
4110201572,0,OO-46-S(E)-HT,4110201572,OO,OOO,,,,Viscogen 3N,4110201572,,Pentagon ISO-VG 46,White-Synthetic - POE,Yellow-Other Oils,,,,
4110199145,0,OO-46-M-AW,4110199145,OO,OOO,,,,Renolin Eterna 46,4110199145,,Pentagon ISO-VG 46,Green-Mineral - AW,Yellow-Other Oils,,,,
4110199144,0,OO-46-M,4110199144,OO,OOO,,,,Perfecto X 46,4110199144,,Pentagon ISO-VG 46,Yellow-Mineral,Yellow-Other Oils,,,,
4110199143,0,OO-460-M,4110199143,OO,OOO,,,,Magna CL 460,4110199143,,Oval ISO-VG 460,Yellow-Mineral,Yellow-Other Oils,,,,C:\Users\mjhemswo\Sonae Arauco\Production Consumables - OILS and LUBRICANTS\4110199212 GB-2-Li-M-150 200-EP(Mo)\4110199212-Spheerol LMM.pdf
4110206120,0,OO-400-S(SIL)-H1,4110206120,OO,OOO,,UNISILKON TK 002/ 500,4110206120,,,,,,Yellow-Other Oils,,,,C:\Users\mjhemswo\Sonae Arauco\Production Consumables - OILS and LUBRICANTS\4110211318 GB-2-BAC-M-VG220\4110211318 Staburags NBU 12 K.pdf
4110201839,0,OO-32-S(POE)-HT,4110201839,OO,OOO,,,,Viscogen KL 3,4110201839,,Square ISO-VG 32,Orange-Synthetic - POE,Yellow-Other Oils,,,,C:\Users\mjhemswo\Sonae Arauco\Production Consumables - OILS and LUBRICANTS\4110211318 GB-2-BAC-M-VG220\4110211318 Staburags NBU 12 K.pdf
4110204985,0,OO-32-M,4110204985,OO,OOO,,,,Perfecto X 32,4110204985,,Square ISO-VG 32,Yellow-Mineral,Yellow-Other Oils,,,,
4110200587,0,OO-280-S(POE)-HT,4110200587,OO,OOO,,,,Viscogen KLK 28,4110200587,,Parallelogram ISO-VG 320,White-Synthetic - POE,Yellow-Other Oils,,,,
4110199172,0,OO-260-S(POE)-PLUS,4110199172,OO,OOO,,HOTEMP SUPER  N PLUS,4110199172,,,,Tear Drop ISO-VG 220,Orange-Synthetic - POE,Yellow-Other Oils,,,,
4110199181,0,OO-260-S(POE)-NC,4110199181,OO,OOO,,Klubertherm CH 2-260,4110199181,,,,Tear Drop ISO-VG 220,White-Synthetic - POE,Yellow-Other Oils,,,,
4110001340,0,OO-260-S(POE)-HT,4110199092,OO,OOO,,Klubersynth CP 2-260 [200l],4110199092,Viscogen KLK 25,4110199092,,,,,,,,
4110201594,0,OO-22-M-EP,4110201594,OO,OOO,,,,Molub-Alloy CH 22,4110201594,,Triangle ISO-VG 22,Yellow-Mineral,Yellow-Other Oils,,,,
4110199152,0,OO-220-M-WD,4110199152,OO,OOO,,,,Magna CT 220,4110199152,,Tear Drop ISO-VG 220,Red-Mineral - WD - ASHLESS,Yellow-Other Oils,,,,
4110199151,0,OO-220-M-EP-WD,4110199151,OO,OOO,,,,Magna SW D 220,4110199151,,Tear Drop ISO-VG 220,Black-Mineral - EP - WD,Yellow-Other Oils,,,,C:\Users\mjhemswo\Sonae Arauco\Production Consumables - OILS and LUBRICANTS\4110199099 GB-2-Clay-S(PAO)-100-AW\4110199099-Spheerol SY-HT 2.pdf
4110146688,0,OO-150-M(SAE30),4110201719,OO,OOO,,,,Cutterbar & Chain Lube,4110201719,,,,,,,,C:\Users\mjhemswo\Sonae Arauco\Production Consumables - OILS and LUBRICANTS\4110201417 GB-2-LiC-M-460-AW EP\4110201417-TRIBOL 4020 460-2.pdf
4110201595,0,OO-150-M,4110201595,OO,OOO,,,,Adinol D150,4110201595,,Diamond ISO-VG 150,Blue-Mineral (GrpII) - H2 Food Safe,Yellow-Other Oils,,,,C:\Users\mjhemswo\Sonae Arauco\Production Consumables - OILS and LUBRICANTS\4110201417 GB-2-LiC-M-460-AW EP\4110201417-TRIBOL 4020 460-2.pdf
4110003689,0,OO-10-M,4110201880,OO,OOO,,,,Magna MO 59,4110201880,,,,,,,,"C:\Users\mjhemswo\Sonae Arauco\Production Consumables - OILS and LUBRICANTS\4110201850 GB-1.5-CAC-M-460-EP\4110201850-Molub-Alloy 6040 460-1,5.pdf"
4110206629,0,OO-100-S(POE)-NC,4110206629,OO,OOO,,Klubertherm CH 2-100,4110206629,,,,Octagon ISO-VG 100,Gray-Biodegradeable,Yellow-Other Oils,,,,C:\Users\mjhemswo\Sonae Arauco\Production Consumables - OILS and LUBRICANTS\4110199098 GB-1.5-CaC-M-460-EP(Grph)\4110199098-Molub-Alloy 6080 460-1.5.pdf
4110179210,0,OO-100-S(POE),4110199157,OO,OOO,,HOTEMP SUPER CH 2-100,4110199157,,,,,,,,,,C:\Users\mjhemswo\Sonae Arauco\Production Consumables - OILS and LUBRICANTS\4110199102 OH-46-M-AW\4110199102-Hyspin AWS 46.pdf
4110199157,0,OO-100-S(POE),4110199157,OO,OOO,,HOTEMP SUPER CH 2-100,4110199157,,,,Octagon ISO-VG 100,White-Synthetic - POE,Yellow-Other Oils,,,,C:\Users\mjhemswo\Sonae Arauco\Production Consumables - OILS and LUBRICANTS\4110211158 GB-2-ALC-M-680\4110211158 Kluberplex GE 11-680.pdf
4110201892,0,OO-100-S(E)-AW,4110201892,OO,OOO,,,,Tribol CH 1730/100 Spray,4110201892,,Octagon ISO-VG 100,,Yellow-Other Oils,,,,C:\Users\mjhemswo\Sonae Arauco\Production Consumables - OILS and LUBRICANTS\4110199037 OC-46-M-AW\4110199037-Aircol MR 46.pdf
4110196095,0,OO-1000-M,4110199142,OO,OOO,,,,Magna CL 1000,4110199142,,,,,,,,C:\Users\mjhemswo\Sonae Arauco\Production Consumables - OILS and LUBRICANTS\4110201577 GB- 2 3-Li-M-100 -EP\4110201577-Stabyl MO 500.pdf
4110199142,0,OO-1000-M,4110199142,OO,OOO,,,,Magna CL 1000,4110199142,,Egg-Timer ISO-VG 1000,Yellow-Mineral,Yellow-Other Oils,,,,
4110003141,0,OM-ATF32-M,4110199093,OM,OOM,,,,Getriebeoel ATF 55,4110199093,,,,,,,,
4110199093,0,OM-ATF32-M,4110199093,OM,OOM,,,,Getriebeoel ATF 55,4110199093,,Square ISO-VG 32,Red-Mineral,Red-Transmission Oils,,,,C:\Users\mjhemswo\Sonae Arauco\Production Consumables - OILS and LUBRICANTS\4110199141 OT-32-M\4110199141-Perfecto HT 5.pdf
4110199148,0,OM-90-M,4110199148,OM,OOM,,,,,4110199148,,Diamond SAE-VG 90,Red-Mineral,Red-Transmission Oils,,,,C:\Users\mjhemswo\Sonae Arauco\Production Consumables - OILS and LUBRICANTS\4110199153 OO-68-M-EP-WD\4110199153-Magna SW D 68.pdf
4110199155,0,OM-85W-140-M-EP,4110199155,OM,OOM,,,,Axle EPX 85W-140,4110199155,,Tear Drop SAE-VG 140,Gray-Mineral,Red-Transmission Oils,,,,C:\Users\mjhemswo\Sonae Arauco\Production Consumables - OILS and LUBRICANTS\4110201547 OO-68-M\4110201547-D 75.pdf
4110199147,0,OM-80W-M,4110199147,OM,OOM,,,,Agri Trans Plus 80W,4110199147,,Circle SAE-VG 80W,Red-Mineral,Red-Transmission Oils,,,,
4110199154,0,OM-80W-90-M-EP,4110199154,OM,OOM,,,,Axle EPX 80W-90,4110199154,,Diamond SAE-VG 90,Gray-Mineral,Red-Transmission Oils,,,,
4110199150,0,OM-5W-40-S,4110199150,OM,OOM,,,,HighTronic 5W-40,4110199150,,Hexagon SAE-VG 40,Purple-Synthetic,Black-Engine Oils,,,,C:\Users\mjhemswo\Sonae Arauco\Production Consumables - OILS and LUBRICANTS\4110201572 OO-46-S(E)-HT\4110201572-Viscogen 3N.pdf
4110199140,0,OM-5W-30-S/S,4110199140,OM,OOM,,,,SuperTronic K 5W-30,4110199140,,Pentagon SAE-VG 30,Brown-Semi-Synthetic,Black-Engine Oils,,,,C:\Users\mjhemswo\Sonae Arauco\Production Consumables - OILS and LUBRICANTS\4110199145 OO-46-M-AW\4110199145-Renolin Eterna 46.pdf
4110201574,0,OM-5W-30-S,4110201574,OM,OOM,"Code is wrong, should be OM-5W-30-S/S",,,SuperTronic K 5W-30,4110201574,,Pentagon SAE-VG 30,,Black-Engine Oils,,,,C:\Users\mjhemswo\Sonae Arauco\Production Consumables - OILS and LUBRICANTS\4110199144 OO-46-M\4110199144-Perfecto X 46.pdf
4110201593,0,OM-32-M,4110201593,OM,OOM,,,,Alpha VT 32,4110201593,,Square ISO-VG 32,Red-Mineral,Black-Engine Oils,,,,C:\Users\mjhemswo\Sonae Arauco\Production Consumables - OILS and LUBRICANTS\4110199143 OO-460-M\4110199143-Magna CL 460.pdf
4110002220,0,OM-30-M,4110199129,OM,OOM,,,,CRB Monograde 30 CF,4110199129,,,,,,,,C:\Users\mjhemswo\Sonae Arauco\Production Consumables - OILS and LUBRICANTS\4110201839 OO-32-S(POE)-HT\4110201839-Viscogen KL 3.pdf
4110199129,0,OM-30-M,4110199129,OM,OOM,,,,CRB Monograde 30 CF,4110199129,,Pentagon SAE-VG 30,Black-Mineral,Black-Engine Oils,,,,
4110199128,0,OM-20W-M,4110199128,OM,OOM,,,,Turboral 20W-20,4110199128,,Square SAE-VG 20W-20,Black-Mineral,Black-Engine Oils,,,,C:\Users\mjhemswo\Sonae Arauco\Production Consumables - OILS and LUBRICANTS\4110204985 OO-32-M\4110204985-Perfecto X 32.pdf
4110199146,0,OM-15W-40-M,4110199146,OM,OOM,,,,Agri MP 15W-40,4110199146,,Hexagon SAE-VG 40,Red-Mineral,Black-Engine Oils,,,,C:\Users\mjhemswo\Sonae Arauco\Production Consumables - OILS and LUBRICANTS\4110200587 OO-280-S(POE)-HT\4110200587-Viscogen KLK 28.pdf
4110199103,0,OM-10W-M,4110199103,OM,OOM,,,,CRB Monograde 10W CF,4110199103,,Triangle SAE-VG 10W,Black-Mineral,Black-Engine Oils,,,,
4110199064,0,OM-10W-40-S(PAO),4110199064,OM,OOM,,,,Vecton LongDrain 10W40 E7,4110199064,,Hexagon SAE-VG 40,Green-Synthetic (PAO),Black-Engine Oils,,,,C:\Users\mjhemswo\Sonae Arauco\Production Consumables - OILS and LUBRICANTS\4110199092 OO-260-S(POE)-HT\4110199092-Viscogen KLK 25.pdf
4110199087,0,OH-68-M-AW-HVI-ASHLESS,4110199087,OH,OOH,,,,Hyspin HVI 68,4110199087,,Hexagon ISO-VG 68,Gray-Mineral - AW - High VI - ASHLESS,Green-Hydraulic Oils,,,,C:\Users\mjhemswo\Sonae Arauco\Production Consumables - OILS and LUBRICANTS\4110201594 OO-22-M-EP\4110201594-Molub-Alloy CH 22.pdf
4110199085,0,OH-68-M-AW-ASHLESS,4110199085,OH,OOH,,,,Hyspin DSP 68,4110199085,,Hexagon ISO-VG 68,Red-Mineral - ASHLESS,Green-Hydraulic Oils,,,,C:\Users\mjhemswo\Sonae Arauco\Production Consumables - OILS and LUBRICANTS\4110199152 OO-220-M-WD\4110199152-Magna CT 220.pdf
4110002720,0,OH-68-M-AW,4110199086,OH,OOH,,,,Hyspin AWS 68,4110199086,,,,,,,,C:\Users\mjhemswo\Sonae Arauco\Production Consumables - OILS and LUBRICANTS\4110201719 OO-150-M(SAE30)\4110201719-Cutterbar & Chain Lube.pdf
4110199086,0,OH-68-M-AW,4110199086,OH,OOH,,,,Hyspin AWS 68,4110199086,,Hexagon ISO-VG 68,Green-Mineral - AW,Green-Hydraulic Oils,,,,C:\Users\mjhemswo\Sonae Arauco\Production Consumables - OILS and LUBRICANTS\4110199151 OO-220-M-EP-WD\4110199151-Magna SW D 220.pdf
4110212468,0,OH-46-M-AW-HVI-ASHLESS,4110212468,OH,OOH,,,,Hyspin HVI 46,4110212468,,Pentagon ISO-VG 46,Gray-Mineral - AW - High VI - ASHLESS,Green-Hydraulic Oils,,,,C:\Users\mjhemswo\Sonae Arauco\Production Consumables - OILS and LUBRICANTS\4110201595 OO-150-M\4110201595-D 150.pdf
4110201439,0,OH-46-M-AW-HVI,4110201439,OH,OOH,,,,Hyspin AWH-M 46,4110201439,,Pentagon ISO-VG 46,Blue-Mineral - AW - Detergent,Green-Hydraulic Oils,,,,C:\Users\mjhemswo\Sonae Arauco\Production Consumables - OILS and LUBRICANTS\4110201880 OO-10-M\4110201880-Magna MO 59.pdf
4110199101,0,OH-46-M-AW-ASHLESS,4110199101,OH,OOH,,,,Hyspin DSP 46,4110199101,,Pentagon ISO-VG 46,Red-Mineral - ASHLESS,Green-Hydraulic Oils,,,,
4110199102,0,OH-46-M-AW,4110199102,OH,OOH,,,,Hyspin AWS 46,4110199102,,Pentagon ISO-VG 46,Green-Mineral - AW,Green-Hydraulic Oils,,,,
4110199100,0,OH-32-M-AW,4110199100,OH,OOH,,,,Hyspin AWS 32,4110199100,,Square ISO-VG 32,Green-Mineral - AW,Green-Hydraulic Oils,,,,
4110205786,0,OH-22-M-AW-ASHLESS,4110205786,OH,OOH,,,,Hyspin ZZ 22,4110205786,,Triangle ISO-VG 22,Red-Mineral - ASHLESS,Green-Hydraulic Oils,,,,
4110206595,0,OH-22-M-AW,4110206595,OH,OOH,,,,Hyspin AWS 22,4110206595,,Triangle ISO-VG 22,Green-Mineral - AW,Green-Hydraulic Oils,,,,C:\Users\mjhemswo\Sonae Arauco\Production Consumables - OILS and LUBRICANTS\4110199142 OO-1000-M\4110199142-Magna CL 1000.pdf
4110199084,0,OH-10-M-AW-ASHLESS,4110199084,OH,OOH,,,,Hyspin DSP 10,4110199084,,Half-Circle ISO-VG 10,Red-Mineral - ASHLESS,Green-Hydraulic Oils,,,,C:\Users\mjhemswo\Sonae Arauco\Production Consumables - OILS and LUBRICANTS\4110199142 OO-1000-M\4110199142-Magna CL 1000.pdf
4110199059,0,OH-10-M-AW,4110199059,OH,OOH,,,,Hyspin AWS 10,4110199059,,Half-Circle ISO-VG 10,Green-Mineral - AW,Green-Hydraulic Oils,,,,C:\Users\mjhemswo\Sonae Arauco\Production Consumables - OILS and LUBRICANTS\4110199093 OM-ATF32-M\4110199093-Getriebeoel ATF 55.pdf
4110199083,0,OH-100-M-AW,4110199083,OH,OOH,,,,Hyspin AWS 100,4110199083,,Octagon ISO-VG 100,Green-Mineral - AW,Green-Hydraulic Oils,,,,C:\Users\mjhemswo\Sonae Arauco\Production Consumables - OILS and LUBRICANTS\4110199093 OM-ATF32-M\4110199093-Getriebeoel ATF 55.pdf
4110199090,0,OG-68-S(PAO)-AW,4110199090,OG,OOG,,,,Alphasyn T 68,4110199090,,Hexagon ISO-VG 68,Gray-Synthetic(PAO) - AW,Orange-Gear Oils,,,,C:\Users\mjhemswo\Sonae Arauco\Production Consumables - OILS and LUBRICANTS\4110199148 OM-90-M\4110199148-Transmax LS Z 85W-90.pdf
,,OG-68-S(PAO)-AW-HT,4110214204,OG,OOG,Added MH 04/12/24 - Differentiate with HT,,,Alphasyn T 68 HTX,4110214204,,,,,,,,
4110199049,0,OG-68-M-EP,4110199049,OG,OOG,,,,Alpha SP 68,4110199049,,Hexagon ISO-VG 68,Orange-Mineral,Orange-Gear Oils,,,,C:\Users\mjhemswo\Sonae Arauco\Production Consumables - OILS and LUBRICANTS\4110199155 OM-85W-140-M-EP\4110199155-Axle EPX 85W-140.pdf
4110199073,0,OG-680-M-EP-ASHLESS,4110199073,OG,OOG,,,,Alpha EP 680,4110199073,,Cross ISO-VG 680,Blue-Mineral - ASHLESS,Orange-Gear Oils,,,,C:\Users\mjhemswo\Sonae Arauco\Production Consumables - OILS and LUBRICANTS\4110199147 OM-80W-M\4110199147-Fluid HGS 80W.pdf
4110201802,0,OG-680-M-EP,4110201802,OG,OOG,,,,Alpha SP 680,4110201802,,Cross ISO-VG 680,Orange-Mineral,Orange-Gear Oils,,,,C:\Users\mjhemswo\Sonae Arauco\Production Consumables - OILS and LUBRICANTS\4110199154 OM-80W-90-M-EP\4110199154-Axle EPX 80W-90.pdf
4110201545,0,OG-46-M-EP,4110201545,OG,OOG,,Kluberoil GEM 1-46 N,4110201545,Alpha SP 46,4110201545,,Pentagon ISO-VG 46,Orange-Mineral,Orange-Gear Oils,,,,C:\Users\mjhemswo\Sonae Arauco\Production Consumables - OILS and LUBRICANTS\4110199150 OM-5W-40-S\4110199150-HighTronic 5W-40.pdf
4110199072,0,OG-460-S(PG)-EP,4110199072,OG,OOG,,,,Alphasyn GS 460,4110199072,,Oval ISO-VG 460,Yellow-Synthetic(PG) - EP,Orange-Gear Oils,,,,C:\Users\mjhemswo\Sonae Arauco\Production Consumables - OILS and LUBRICANTS\4110199140 OM-5W-30-S S\4110199140-SuperTronic LL III 5W-30.pdf
4110206076,0,OG-460-S(PG),4110206076,OG,OOG,,Klubersynth GH 6-460,4110206076,,,,Oval ISO-VG 460,Red-Synthetic (PG) Kluber,Orange-Gear Oils,,,,C:\Users\mjhemswo\Sonae Arauco\Production Consumables - OILS and LUBRICANTS\4110201593 OM-32-M\4110201593-Alpha VT 32.pdf
4110175063,0,OG-460-S(PG),4110206076,OG,OOG,,Klubersynth GH 6-460,4110206076,,,,,,,,,,C:\Users\mjhemswo\Sonae Arauco\Production Consumables - OILS and LUBRICANTS\4110201574 OM-5W-30-S\4110201574-HighTronic G 5W-30.pdf
4110199048,0,OG-460-S(PAO)-EP,4110199048,OG,OOG,,,,Alphasyn EP 460,4110199048,,Oval ISO-VG 460,Black-Synthetic(PAO) - EP,Orange-Gear Oils,,,,C:\Users\mjhemswo\Sonae Arauco\Production Consumables - OILS and LUBRICANTS\4110199129 OM-30-M\4110199129-CRB Monograde 30 CF.pdf
4110199063,0,OG-460-S(PAG)-AW/EP,4110199063,OG,OOG,,,,Optigear Synthetic 800/460,4110199063,,Oval ISO-VG 460,Purple-Synthetic (PAG),Orange-Gear Oils,,,,C:\Users\mjhemswo\Sonae Arauco\Production Consumables - OILS and LUBRICANTS\4110199129 OM-30-M\4110199129-CRB Monograde 30 CF.pdf
4110199047,0,OG-460-M-EP-ASHLESS,4110199047,OG,OOG,,,,Alpha EP 460,4110199047,,Oval ISO-VG 460,Blue-Mineral - ASHLESS,Orange-Gear Oils,,,,C:\Users\mjhemswo\Sonae Arauco\Production Consumables - OILS and LUBRICANTS\4110199128 OM-20W-M\4110199128-Turboral 20W-20.pdf
4110003814,0,OG-460-M-EP,4110201891,OG,OOG,,,,Alpha SP 460,4110201891,,,,,,,,C:\Users\mjhemswo\Sonae Arauco\Production Consumables - OILS and LUBRICANTS\4110199103 OM-10W-M\4110199103-CRB Monograde 10W CF.pdf
4110201891,0,OG-460-M-EP,4110201891,OG,OOG,,,,Alpha SP 460,4110201891,,Oval ISO-VG 460,Orange-Mineral,Orange-Gear Oils,,,,C:\Users\mjhemswo\Sonae Arauco\Production Consumables - OILS and LUBRICANTS\4110199146 OM-15W-40-M\4110199146-CRB Multi 15W-40 CI-4 E7.pdf
4110152909,0,OG-320-S(PG),4110199180,OG,OOG,,Klubersynth GH 6-320,4110199180,,,,,,,,,,C:\Users\mjhemswo\Sonae Arauco\Production Consumables - OILS and LUBRICANTS\4110199087 OH-68-M-AW-HVI-ASHLESS\4110199087-Hyspin HVI 68.pdf
4110199180,0,OG-320-S(PG),4110199180,OG,OOG,,Klubersynth GH 6-320,4110199180,,,,Parallelogram ISO-VG 320,Red-Synthetic (PG) Kluber,Orange-Gear Oils,,,,C:\Users\mjhemswo\Sonae Arauco\Production Consumables - OILS and LUBRICANTS\4110199064 OM-10W-40-S(PAO)\4110199064-Vecton LongDrain 10W40 E7.pdf
4110199071,0,OG-320-S(PAO)-EP,4110199071,OG,OOG,,,,Alphasyn EP 320,4110199071,,Parallelogram ISO-VG 320,Black-Synthetic(PAO) - EP,Orange-Gear Oils,,,,C:\Users\mjhemswo\Sonae Arauco\Production Consumables - OILS and LUBRICANTS\4110199085 OH-68-M-AW-ASHLESS\4110199085-Hyspin DSP 68.pdf
4110202750,0,OG-320-S(PAO),4110202750,OG,OOG,,,,Alphasyn HG 320,4110202750,,Parallelogram ISO-VG 320,Black-Synthetic(PAO) - EP,Orange-Gear Oils,,,,C:\Users\mjhemswo\Sonae Arauco\Production Consumables - OILS and LUBRICANTS\4110199086 OH-68-M-AW\4110199086-Hyspin AWS 68.pdf
4110199053,0,OG-320-M-EP-ASHLESS,4110199053,OG,OOG,,,,Alpha EP 320,4110199053,,Parallelogram ISO-VG 320,Blue-Mineral - ASHLESS,Orange-Gear Oils,,,,C:\Users\mjhemswo\Sonae Arauco\Production Consumables - OILS and LUBRICANTS\4110199086 OH-68-M-AW\4110199086-Hyspin AWS 68.pdf
4110201803,0,OG-320-M-EP,4110201803,OG,OOG,,,,Alpha SP 320,4110201803,,Parallelogram ISO-VG 320,Orange-Mineral,Orange-Gear Oils,,,,
4110199070,0,OG-220-S(PG)-EP-HVI,4110199070,OG,OOG,,,,Alphasyn GS 220,4110199070,,Tear Drop ISO-VG 220,Yellow-Synthetic(PG) - EP,Orange-Gear Oils,,,,C:\Users\mjhemswo\Sonae Arauco\Production Consumables - OILS and LUBRICANTS\4110201439 OH-46-M-AW-HVI\4110201439-Hyspin AWH-M 46.pdf
4110206106,0,OG-220-S(PG),4110206106,OG,OOG,,Klubersynth GH 6-220,4110206106,,,,Tear Drop ISO-VG 220,Red-Synthetic (PG) Kluber,Orange-Gear Oils,,,,C:\Users\mjhemswo\Sonae Arauco\Production Consumables - OILS and LUBRICANTS\4110199100 OH-32-M-AW\4110199100-Hyspin AWS 32.pdf
4110119675,0,OG-220-S(PG),4110206106,OG,OOG,,Klubersynth GH 6-220,4110206106,,,,,,,,,,C:\Users\mjhemswo\Sonae Arauco\Production Consumables - OILS and LUBRICANTS\4110199101 OH-46-M-AW-ASHLESS\4110199101-Hyspin HLP AF 46.pdf
4110199045,0,OG-220-S(PAO)-EP,4110199045,OG,OOG,,,,Alphasyn EP 220,4110199045,,Tear Drop ISO-VG 220,Black-Synthetic(PAO) - EP,Orange-Gear Oils,,,,
4110199039,0,OG-220-S(PAO)-AW,4110199039,OG,OOG,,,,Alphasyn HTX 220,4110199039,,Tear Drop ISO-VG 220,Gray-Synthetic(PAO) - AW,Orange-Gear Oils,,,,
4110199044,0,OG-220-S(PAG)-AW/EP,4110199044,OG,OOG,,,,Optigear Synth 800/220,4110199044,,Tear Drop ISO-VG 220,Purple-Synthetic (PAG),Orange-Gear Oils,,,,C:\Users\mjhemswo\Sonae Arauco\Production Consumables - OILS and LUBRICANTS\4110199084 OH-10-M-AW-ASHLESS\4110199084-Hyspin DSP 10.pdf
4110199052,0,OG-220-M-EP-ASHLESS,4110199052,OG,OOG,,,,Alpha EP 220,4110199052,,Tear Drop ISO-VG 220,Blue-Mineral - ASHLESS,Orange-Gear Oils,,,,C:\Users\mjhemswo\Sonae Arauco\Production Consumables - OILS and LUBRICANTS\4110199059 OH-10-M-AW\4110199059-Hyspin AWS 10.pdf
4110201817,0,OG-220-M-EP,4110201817,OG,OOG,,,,Alpha SP 220,4110201817,,Tear Drop ISO-VG 220,Orange-Mineral,Orange-Gear Oils,,,,C:\Users\mjhemswo\Sonae Arauco\Production Consumables - OILS and LUBRICANTS\4110199083 OH-100-M-AW\4110199083-Hyspin AWS 100.pdf
4110206077,0,OG-16500-S/S-EP,4110206077,OG,OOG,,Kluberfluid C-F 3 S Ultra,4110206077,,,,,,Orange-Gear Oils,,,,C:\Users\mjhemswo\Sonae Arauco\Production Consumables - OILS and LUBRICANTS\4110199049 OG-68-M-EP\4110199049-Alpha SP 68.pdf
4110128064,0,OG-16500-S/S-EP,4110206077,OG,OOG,,Kluberfluid C-F 3 S Ultra,4110206077,,,,,,,,,,C:\Users\mjhemswo\Sonae Arauco\Production Consumables - OILS and LUBRICANTS\4110199090 OG-68-S(PAO)-AW\4110199090-Alphasyn T 68.pdf
4110199051,0,OG-150-M-EP,4110199051,OG,OOG,,,,Alpha SP 150,4110199051,,Diamond ISO-VG 150,Orange-Mineral,Orange-Gear Oils,,,,C:\Users\mjhemswo\Sonae Arauco\Production Consumables - OILS and LUBRICANTS\4110199073 OG-680-M-EP-ASHLESS\4110199073-Alpha EP 680.pdf
4110199038,0,OG-1500-S(PAG)-AW/EP,4110199038,OG,OOG,,,,Optigear Synth 800/1500,4110199038,,L-Shape ISO-VG 1500,Purple-Synthetic (PAG),Orange-Gear Oils,,,,C:\Users\mjhemswo\Sonae Arauco\Production Consumables - OILS and LUBRICANTS\4110201802 OG-680-M-EP\4110201802-Alpha SP 680.pdf
4110199173,0,OG-100-S(PG),4110199173,OG,OOG,,Klubersynth GH 6-100,4110199173,,,,Octagon ISO-VG 100,Red-Synthetic (PG) Kluber,Orange-Gear Oils,,,,C:\Users\mjhemswo\Sonae Arauco\Production Consumables - OILS and LUBRICANTS\4110201545 OG-46-M-EP\4110201545-Alpha SP 46.pdf
4110209366,0,OG-100-S(PAG)-AW/EP,4110209366,OG,OOG,,,,Optigear 100,4110209366,,Octagon ISO-VG 100,Yellow-Synthetic(PG) - EP,Orange-Gear Oils,,,,C:\Users\mjhemswo\Sonae Arauco\Production Consumables - OILS and LUBRICANTS\4110199072 OG-460-S(PG)-EP\4110199072-Alphasyn GS 460.pdf
4110199043,0,OG-100-M-EP,4110199043,OG,OOG,,,,Alpha SP 100,4110199043,,Octagon ISO-VG 100,Orange-Mineral,Orange-Gear Oils,,,,
4110201670,0,OG-1000-S(PAO)-EP,4110201670,OG,OOG,,,,Alphasyn HTX 1000,4110201670,,Egg-Timer ISO-VG 1000,Black-Synthetic(PAO) - EP,Orange-Gear Oils,,,,C:\Users\mjhemswo\Sonae Arauco\Production Consumables - OILS and LUBRICANTS\4110199048 OG-460-S(PAO)-EP\4110199048-Alphasyn EP 460.pdf
4110199042,0,OE-10-M,4110199042,OE,OOE,,,,Perfecto TR UN ,4110199042,,Half-Circle ISO-VG 10,Red-Mineral  API CI4/SL,Yellow-Other Oils,,,,C:\Users\mjhemswo\Sonae Arauco\Production Consumables - OILS and LUBRICANTS\4110199063 OG-460-S(PAG)-AW EP\4110199063-Optigear Synthetic 800 460.pdf
4110199060,0,OC-68-S(PAO)-AW,4110199060,OC,OOC,,,,Aircol SR 68,4110199060,,Hexagon ISO-VG 68,Black-Synthetic (PAO),Blue-Compressor Oils,,,,C:\Users\mjhemswo\Sonae Arauco\Production Consumables - OILS and LUBRICANTS\4110199047 OG-460-M-EP-ASHLESS\4110199047-Alpha EP 460.pdf
4110199041,0,OC-68-M-AW-ASHLESS,4110199041,OC,OOC,,,,Aircol PD 68,4110199041,,Hexagon ISO-VG 68,White-Mineral - AW - ASHLESS,Blue-Compressor Oils,,,,C:\Users\mjhemswo\Sonae Arauco\Production Consumables - OILS and LUBRICANTS\4110201891 OG-460-M-EP\4110201891-Alpha SP 460.pdf
4110168114,0,OC-46-S(PAO)-AW,4110199050,OC,OOC,,Kluber Summit SH 46,4110199050,Aircol SR 46,4110199050,,,,,,,,
4110199050,0,OC-46-S(PAO)-AW,4110199050,OC,OOC,,Kluber Summit SH 46,4110199050,Aircol SR 46,4110199050,,Pentagon ISO-VG 46,Black-Synthetic (PAO),Blue-Compressor Oils,,,,C:\Users\mjhemswo\Sonae Arauco\Production Consumables - OILS and LUBRICANTS\4110201891 OG-460-M-EP\4110201891-Alpha SP 460.pdf
4110199037,0,OC-46-M-AW,4110199037,OC,OOC,,,,Aircol MR 46,4110199037,,Pentagon ISO-VG 46,Blue-Mineral - AW,Blue-Compressor Oils,,,,C:\Users\mjhemswo\Sonae Arauco\Production Consumables - OILS and LUBRICANTS\4110199071 OG-320-S(PAO)-EP\4110199071-Alphasyn EP 320.pdf
4110176854,0,OC-46-M-AW,4110199037,OC,OOC,,,,Aircol MR 46,4110199037,,,,,,,,
4110199040,0,OC-100-M-AW-ASHLESS,4110199040,OC,OOC,,,,Aircol PD 100,4110199040,,Octagon ISO-VG 100,White-Mineral - AW - ASHLESS,Blue-Compressor Oils,,,,C:\Users\mjhemswo\Sonae Arauco\Production Consumables - OILS and LUBRICANTS\4110202750 OG-320-S(PAO)\4110202750 - Alphasyn HG 320.pdf
4110201881,0,GP-ASSEMBLY,,GP,GGP,,,,,,,,,,,,,C:\Users\mjhemswo\Sonae Arauco\Production Consumables - OILS and LUBRICANTS\4110199053 OG-320-M-EP-ASHLESS\4110199053-Alpha EP 320.pdf
4110199169,0,GG-00-ALC-S(PAO)-460-H1,4110199169,GG,GGG,,,,Optileb GR UF 00,4110199169,,Grease Gun_Grease,Black,Gray-Aluminium Complex,,,,C:\Users\mjhemswo\Sonae Arauco\Production Consumables - OILS and LUBRICANTS\4110201803 OG-320-M-EP\4110201803-Alpha SP 320.pdf
4110206087,0,GB-3-PU-S(ESTER)-VG460,4110206087,GB,GGB,,PETAMO GHY 443 ,4110206087,,,,Grease Gun_Grease,Yellow,Red-PolyUrea,,,,
4110185127,0,GB-3-PU-S(ESTER)-VG460,4110206087,GB,GGB,,PETAMO GHY 443 ,4110206087,,,,Grease Gun_Grease,Yellow,Red-PolyUrea,,,,C:\Users\mjhemswo\Sonae Arauco\Production Consumables - OILS and LUBRICANTS\4110199070 OG-220-S(PG)-EP-HVI\4110199070-Alphasyn GS 220.pdf
4110199203,0,GB-3-LI-M-150/200-EP,4110199203,GB,GGB,,,,Spheerol EPL 3,4110199203,,Grease Gun_Grease,Dark Green,Green-Lithium,,,,C:\Users\mjhemswo\Sonae Arauco\Production Consumables - OILS and LUBRICANTS\4110199045 OG-220-S(PAO)-EP\4110199045-Alphasyn EP 220.pdf
4110199194,0,GB-3-LI-M-120,4110199194,GB,GGB,,,,Spheerol AP 3,4110199194,,Grease Gun_Grease,Light Green,Green-Lithium,,,,C:\Users\mjhemswo\Sonae Arauco\Production Consumables - OILS and LUBRICANTS\4110199039 OG-220-S(PAO)-AW\4110199039-Alphasyn HTX 220.pdf
4110199209,0,GB-2-PU-S(PAO)-270-EP,4110199209,GB,GGB,,,,Tribol GR XT 2 HT,4110199209,,Grease Gun_Grease,White,Red-PolyUrea,,,,C:\Users\mjhemswo\Sonae Arauco\Production Consumables - OILS and LUBRICANTS\4110199052 OG-220-M-EP-ASHLESS\4110199052-Alpha EP 220.pdf
4110205519,0,GB-2-PU-S(PAO)-270-EP,4110199209,GB,GGB,4110205519 to remain open 240CC CATRIDGES MPN,,,Tribol GR XT 2 HT,4110199209,,Grease Gun_Grease,White,Red-PolyUrea,,,,C:\Users\mjhemswo\Sonae Arauco\Production Consumables - OILS and LUBRICANTS\4110199044 OG-220-S(PAG)-AW EP\4110199044-Optigear Synth 800220.pdf
4110179174,0,GB-2-PU-M-EP-HT,4110199226,GB,GGB,,Kluberlub PHB 71-461,4110199226,,,,Grease Gun_Grease,Dark Green,Red-PolyUrea,,,,
4110199226,0,GB-2-PU-M-EP-HT,4110199226,GB,GGB,,Kluberlub PHB 71-461,4110199226,,,,Grease Gun_Grease,Dark Green,Red-PolyUrea,,,,C:\Users\mjhemswo\Sonae Arauco\Production Consumables - OILS and LUBRICANTS\4110201817 OG-220-M-EP\4110201817-Alpha SP 220.pdf
4110207373,0,GB-2-PTFE-S(PFPE)-150,4110207373,GB,GGB,,,,Braycote Inertox 150-2,4110207373,,Grease Gun_Grease,,Black-PTFE/PFPE,,,,C:\Users\mjhemswo\Sonae Arauco\Production Consumables - OILS and LUBRICANTS\4110199051 OG-150-M-EP\4110199051-Alpha SP 150.pdf
4110205819,0,GB-2-PTFE-PFPE-400,4110205819,GB,GGB,,BARRIERTA L 55/2,4110205819,,,,Grease Gun_Grease,Purple,Black-PTFE/PFPE,,,,
4110003946,0,GB-2-PTFE-PFPE-400,4110205819,GB,GGB,,BARRIERTA L 55/2,4110205819,,,,Grease Gun_Grease,Purple,Black-PTFE/PFPE,,,,C:\Users\mjhemswo\Sonae Arauco\Production Consumables - OILS and LUBRICANTS\4110199038 OG-1500-S(PAG)-AWEP\4110199038-Optigear Synth 800 1500.pdf
4110206109,0,GB-2-LI-M-EP-180,4110206109,GB,GGB,,CENTOPLEX 2 EP,4110206109,,,,Grease Gun_Grease,White,Green-Lithium,,,,
4110199225,0,GB-2-Li-M-290,4110199225,GB,GGB,,MICROLUBE GL 261,4110199225,,,,Grease Gun_Grease,Blue,Green-Lithium,,,,C:\Users\mjhemswo\Sonae Arauco\Production Consumables - OILS and LUBRICANTS\4110199060 OC-68-S(PAO)-AW\4110199060-Aircol SR 68.pdf
4110057686,0,GB-2-LI-M-290,4110199225,GB,GGB,,MICROLUBE GL 261,4110199225,,,,Grease Gun_Grease,Blue,Green-Lithium,,,,C:\Users\mjhemswo\Sonae Arauco\Production Consumables - OILS and LUBRICANTS\4110199042 OE-10-M\4110199042-Perfecto TR UN.pdf
4110119680,0,GB-2-LI-M-290,4110199225,GB,GGB,,MICROLUBE GL 261,4110199225,,,,Grease Gun_Grease,Blue,Green-Lithium,,,,C:\Users\mjhemswo\Sonae Arauco\Production Consumables - OILS and LUBRICANTS\4110201670 OG-1000-S(PAO)-EP\4110201670-Alphasyn HTX 1000.pdf
4110124829,0,GB-2-LI-M-290,4110199225,GB,GGB,,MICROLUBE GL 261,4110199225,,,,Grease Gun_Grease,Blue,Green-Lithium,,,,C:\Users\mjhemswo\Sonae Arauco\Production Consumables - OILS and LUBRICANTS\4110199043 OG-100-M-EP\4110199043-Alpha SP 100.pdf
4110199193,0,GB-2-LI-M-270-EP(Mo),4110199193,GB,GGB,,,,Molub-Alloy 370-2,4110199193,,Grease Gun_Grease,Brown,Green-Lithium,,,,C:\Users\mjhemswo\Sonae Arauco\Production Consumables - OILS and LUBRICANTS\4110199041 OC-68-M-AW-ASHLESS\4110199041-Aircol PD 68.pdf
4110199213,0,GB-2-LI-M-185-EP(Mo),4110199213,GB,GGB,,,,Not defined,4110199213,,Grease Gun_Grease,Gray,Green-Lithium,,,,C:\Users\mjhemswo\Sonae Arauco\Production Consumables - OILS and LUBRICANTS\4110199050 OC-46-S(PAO)-AW\4110199050-Aircol SR 46.pdf
4110199212,0,GB-2-LI-M-150/200-EP(Mo),4110199212,GB,GGB,,,,Spheerol LMM,4110199212,,Grease Gun_Grease,Black,Green-Lithium,,,,C:\Users\mjhemswo\Sonae Arauco\Production Consumables - OILS and LUBRICANTS\4110199050 OC-46-S(PAO)-AW\4110199050-Aircol SR 46.pdf
4110199202,0,GB-2-LI-M-150/200-EP,4110199202,GB,GGB,,,,Spheerol EPL 2,4110199202,,Grease Gun_Grease,Orange,Green-Lithium,,,,C:\Users\mjhemswo\Sonae Arauco\Production Consumables - OILS and LUBRICANTS\4110199037 OC-46-M-AW\4110199037-Aircol MR 46.pdf
4110199211,0,GB-2-LI-M-100-AW/EP,4110199211,GB,GGB,,,,Tribol GR 100-2 PD,4110199211,,Grease Gun_Grease,Purple,Green-Lithium,,,,
4110205518,0,GB-2-LI-M-100-AW/EP,4110199211,GB,GGB,4110205518 to remain open MPN 240CC CARTRIDGES,,,Tribol GR 100-2 PD,4110199211,,,Purple,Green-Lithium,,,,C:\Users\mjhemswo\Sonae Arauco\Production Consumables - OILS and LUBRICANTS\4110199040 OC-100-M-AW-ASHLESS\4110199040-Aircol PD 100.pdf
4110200645,0,GB-2-LiC-S(PAO)-100-EP,4110200645,GB,GGB,,,,,,SHELL Gadus S5V1002,Grease Gun_Grease,Gray,Light Green-Lithium Complex,,,,
4110003801,0,GB-2-LiC-M-460-EP(Mo),4110201890,GB,GGB,,,,Molub Alloy 860/460-2ES,4110201890,,Grease Gun_Grease,Red,Light Green-Lithium Complex,,,,
4110201890,0,GB-2-LiC-M-460-EP(Mo),4110201890,GB,GGB,,,,Molub Alloy 860/460-2ES,4110201890,,Grease Gun_Grease,Red,Light Green-Lithium Complex,,,,
4110153143,0,GB-2-LiC-M-460-AW/EP,4110201417,GB,GGB,,Kluberlub BE 41-542,4110201417,Tribol GR 4020/460-2 PD,4110201417,,Grease Gun_Grease,Dark Green,Light Green-Lithium Complex,,,,C:\Users\mjhemswo\Sonae Arauco\Production Consumables - OILS and LUBRICANTS\4110199169 GG-00-AlC-S(PAO)-460-H1\4110199169-Optileb GR UF 00.pdf
4110201417,0,GB-2-LiC-M-460-AW/EP,4110201417,GB,GGB,,Kluberlub BE 41-542,4110201417,Tribol GR 4020/460-2 PD,4110201417,,Grease Gun_Grease,Dark Green,Light Green-Lithium Complex,,,,
4110004863,0,GB-2-LiC-M-220-EP(Mo),4110201596,GB,GGB,,,,Molub Alloy 860/220-2,4110201596,,Grease Gun_Grease,White,Light Green-Lithium Complex,,,,
4110199224,0,GB-2-LiC-M-220-AW/EP,4110199224,GB,GGB,,,,Tribol GR 4020/220-2 PD,4110199224,,Grease Gun_Grease,Brown,Light Green-Lithium Complex,,,,
4110199216,0,GB-2-LiC-M-180/220-EP,4110199216,GB,GGB,,,,Spheerol EPLX 200-2,4110199216,,Grease Gun_Grease,Red,Light Green-Lithium Complex,,,,C:\Users\mjhemswo\Sonae Arauco\Production Consumables - OILS and LUBRICANTS\4110199194 GB-3-Li-M-120\4110199194-Spheerol AP 3.pdf
4110004445,0,GB-2-LiC-M-150-EP,4110201878,GB,GGB,,,,CASTROL LMX,4110201878,,Grease Gun_Grease,Black,Light Green-Lithium Complex,,,,C:\Users\mjhemswo\Sonae Arauco\Production Consumables - OILS and LUBRICANTS\4110199209 GB-2-PU-S(PAO)-270-EP\4110199209-Tribol GR XT 2 HT.pdf
4110201878,0,GB-2-LiC-M-150-EP,4110201878,GB,GGB,,,,CASTROL LMX,4110201878,,Grease Gun_Grease,Black,Light Green-Lithium Complex,,,,C:\Users\mjhemswo\Sonae Arauco\Production Consumables - OILS and LUBRICANTS\4110199209 GB-2-PU-S(PAO)-270-EP\4110199209-Tribol GR XT 2 HT.pdf
4110199174,0,GB-2-LI/CA-S(PAO)-32,4110199174,GB,GGB,,,,Spheerol SLC 2,4110199174,,Grease Gun_Grease,Black,Orange-Lithium /Calcium blend,,,,
4110199099,0,GB-2-Clay-S(PAO)-100-AW,4110199099,GB,GGB,,,,Spheerol SY-HT 2,4110199099,,Grease Gun_Grease,Black,Brown-Clay Bentonite,,,,
4110128048,0,GB-2-BaC-M-VG220,4110211318,GB,GGB,, STABURAGS NBU 12,4110211318,,,,Grease Gun_Grease,Gray,White-Barium Complex,,,,
4110182101,0,GB-2-BaC-M-VG220,4110211318,GB,GGB,, STABURAGS NBU 12,4110211318,,,,Grease Gun_Grease,Gray,White-Barium Complex,,,,
4110206108,0,GB-2-BaC-M-VG100,4110206108,GB,GGB,,STABURAGS NBU 8 EP,4110206108,,,,Grease Gun_Grease,Black,White-Barium Complex,,,,C:\Users\mjhemswo\Sonae Arauco\Production Consumables - OILS and LUBRICANTS\4110199193 GB-2-Li-M-270-EP(Mo)\4110199193-Olistamoly 2.pdf
4110128065,0,GB-2-BaC-M-VG100,4110206108,GB,GGB,,STABURAGS NBU 8 EP,4110206108,,,,Grease Gun_Grease,Black,White-Barium Complex,,,,
4110206130,0,GB-2-BAC-M/S(PAO/EST)-VG22,4110206130,GB,GGB,,GRAFLOSCON A-G 1 ULTRA,4110206130,,,,Grease Gun_Grease,Dark Green,White-Barium Complex,,,,C:\Users\mjhemswo\Sonae Arauco\Production Consumables - OILS and LUBRICANTS\4110199213 GB-2-Li-M-185-EP(Mo)\4110199213-Spheerol L21 M.pdf
4110211158,0,GB-2-ALC-M-680,4110211158,GB,GGB,,Kluberplex GE 11-680,4110211158,,,,Grease Gun_Grease,Dark Green,Gray-Aluminium Complex,,,,C:\Users\mjhemswo\Sonae Arauco\Production Consumables - OILS and LUBRICANTS\4110199202 GB-2-Li-M-150 200-EP\4110199202-Spheerol EPL 2.pdf
4110199191,0,GB-2.5-LI-M-1350-AW/EP,4110199191,GB,GGB,,,,Tribol GR 1350-2.5 PD,4110199191,,Grease Gun_Grease,Yellow,Green-Lithium,,,,C:\Users\mjhemswo\Sonae Arauco\Production Consumables - OILS and LUBRICANTS\4110199211 GB-2-Li-M-100-AW EP\4110199211-Tribol GR 100-2 PD.pdf
4110199208,0,GB-1-PTFE-S(PFPE)-460,4110199208,GB,GGB,,,,Braycote Inertox 440-1,4110199208,,Grease Gun_Grease,White,Black-PTFE/PFPE,,,,C:\Users\mjhemswo\Sonae Arauco\Production Consumables - OILS and LUBRICANTS\4110199211 GB-2-Li-M-100-AW EP\4110199211-Tribol GR 100-2 PD.pdf
4110199219,0,GB-1-PTFE-PFPE-400,4110199219,GB,GGB,,BARRIERTA L 55/1,4110199219,,,,Grease Gun_Grease,Red,Black-PTFE/PFPE,,,,C:\Users\mjhemswo\Sonae Arauco\Production Consumables - OILS and LUBRICANTS\4110201890 GB-2-LiC-M-460-EP(Mo)\4110201890-Molub Alloy 860 460-2ES.pdf
4110179146,0,GB-1-PTFE-PFPE-400,4110199219,GB,GGB,,BARRIERTA L 55/1,4110199219,,,,Grease Gun_Grease,Red,Black-PTFE/PFPE,,,,C:\Users\mjhemswo\Sonae Arauco\Production Consumables - OILS and LUBRICANTS\4110200645 GB-2-LiC-S(PAO)-100-EP\4110200645-Shell Gadus S5 V100 2.pdf
4110179175,0,GB-1-PTFE-PFPE-390,4110199177,GB,GGB,,Klubertemp HB 53-391,4110199177,,,,Grease Gun_Grease,Yellow,Black-PTFE/PFPE,,,,C:\Users\mjhemswo\Sonae Arauco\Production Consumables - OILS and LUBRICANTS\4110201596 GB-2-LiC-M-220-EP(Mo)\4110201596-Molub-Alloy 860 220-2 ES.pdf
4110199177,0,GB-1-PTFE-PFPE-390,4110199177,GB,GGB,,Klubertemp HB 53-391,4110199177,,,,Grease Gun_Grease,Yellow,Black-PTFE/PFPE,,,,C:\Users\mjhemswo\Sonae Arauco\Production Consumables - OILS and LUBRICANTS\4110201890 GB-2-LiC-M-460-EP(Mo)\4110201890-Molub Alloy 860 460-2ES.pdf
4110003325,0,GB-1-LI-M-EP-1500,4110206121,GB,GGB,,KLuBERLUB BE 41-1501,4110206121,,,,Grease Gun_Grease,Yellow,Green-Lithium,,,,C:\Users\mjhemswo\Sonae Arauco\Production Consumables - OILS and LUBRICANTS\4110201878 GB-2-LiC-M-150-EP\4110201878-CASTROL LMX.pdf
4110206121,0,GB-1-LI-M-EP-1500,4110206121,GB,GGB,,KLuBERLUB BE 41-1501,4110206121,,,,Grease Gun_Grease,Yellow,Green-Lithium,,,,C:\Users\mjhemswo\Sonae Arauco\Production Consumables - OILS and LUBRICANTS\4110199216 GB-2-LiC-M-180 220-EP\4110199216-Spheerol EPLX 200-2.pdf
4110110363,0,GB-1-LI-M-EP-1500,4110206121,GB,GGB,,KLuBERLUB BE 41-1501,4110206121,,,,Grease Gun_Grease,Yellow,Green-Lithium,,,,C:\Users\mjhemswo\Sonae Arauco\Production Consumables - OILS and LUBRICANTS\4110199224 GB-2-LiC-M-220-AW EP\4110199224-Tribol GR 4020 220-2 PD.pdf
4110199183,0,GB-1-LI-M-150/200-EP,4110199183,GB,GGB,,,,Spheerol EPL 1,4110199183,,Grease Gun_Grease,Orange,Green-Lithium,,,,C:\Users\mjhemswo\Sonae Arauco\Production Consumables - OILS and LUBRICANTS\4110201878 GB-2-LiC-M-150-EP\4110201878-CASTROL LMX.pdf
4110191437,0,GB-1-LI-M-100-AW/EP,4110201877,GB,GGB,,,,Tribol GR 100-1 PD,4110201877,,Grease Gun_Grease,Blue,Green-Lithium,,,,C:\Users\mjhemswo\Sonae Arauco\Production Consumables - OILS and LUBRICANTS\4110199174 GB-2-Li Ca-S(PAO)-32\4110199174-Spheerol SLC 2.pdf
4110167748,0,GB-1-LI-M-1000-AW/EP,4110199190,GB,GGB,,,,Tribol GR 3020/1000-1 PD,4110199190,,Grease Gun_Grease,Blue,Green-Lithium,,,,C:\Users\mjhemswo\Sonae Arauco\Production Consumables - OILS and LUBRICANTS\4110199191 GB-2.5-Li-M-1350-AW EP\4110199191-Tribol GR 1350-2.5 PD.pdf
4110199190,0,GB-1-LI-M-1000-AW/EP,4110199190,GB,GGB,,,,Tribol GR 3020/1000-1 PD,4110199190,,Grease Gun_Grease,Blue,Green-Lithium,,,,
4110199207,0,GB-1-LiC-S(PAO)-1500-EP,4110199207,GB,GGB,,,,Spheerol SY 1501,4110199207,,Grease Gun_Grease,Blue,Light Green-Lithium Complex,,,,C:\Users\mjhemswo\Sonae Arauco\Production Consumables - OILS and LUBRICANTS\4110199208 GB-1-PTFE-S(PFPE)-460\4110199208-Braycote Inertox 440-1.pdf
4110199215,0,GB-1-LiC-M-220-AW/EP,4110199215,GB,GGB,,,,Tribol GR 4020/220-1 PD,4110199215,,Grease Gun_Grease,White,Light Green-Lithium Complex,,,,
4110206078,0,GB-1-AIC-M-EP-460,4110206078,GB,GGB,,ISOFLEX NBU 15,4110206078,,,,Grease Gun_Grease,Black,Gray-Aluminium Complex,,,,
4110178945,0,GB-1-AIC-M-EP-460,4110206078,GB,GGB,,ISOFLEX NBU 15,4110206078,,,,Grease Gun_Grease,Black,Gray-Aluminium Complex,,,,
4110198387,0,GB-1.5-PU-S/S-100,4110199218,GB,GGB,,,,Optitemp PU 035/4,4110199218,,Grease Gun_Grease,Black,Red-PolyUrea,,,,
4110199218,0,GB-1.5-PU-S/S-100,4110199218,GB,GGB,,,,Optitemp PU 035/4,4110199218,,Grease Gun_Grease,Black,Red-PolyUrea,,,,
4110199175,0,GB-1.5-P-S(PAO)-46,4110199175,GB,GGB,,,,Tribol GR HS 1.5,4110199175,High-Speed Grease WS-0132 (2046357 GEA WESTFALIA),Grease Gun_Grease,White,Purple-Polymer,,,,C:\Users\mjhemswo\Sonae Arauco\Production Consumables - OILS and LUBRICANTS\4110199183 GB-1-Li-M-150 200-EP\4110199183-Spheerol EPL 1.pdf
4110199206,0,GB-1.5-LiC-S(PAO)-460-EP,4110199206,GB,GGB,,,,Spheerol SY 4601,4110199206,,Grease Gun_Grease,Purple,Light Green-Lithium Complex,,,,C:\Users\mjhemswo\Sonae Arauco\Production Consumables - OILS and LUBRICANTS\4110201877 GB-1-Li-M-100-AW EP\4110201877-Tribol GR 100-1 PD.pdf
4110199098,0,GB-1.5-CaC-M-460-EP(Grph),4110199098,GB,GGB,,,,Molub-Alloy 6080/460-1.5,4110199098,,Grease Gun_Grease,Black,Yellow-Calcium Complex,,,,C:\Users\mjhemswo\Sonae Arauco\Production Consumables - OILS and LUBRICANTS\4110199190 GB-1-Li-M-1000-AW EP\4110199190-Tribol GR 3020 1000-1 PD.pdf
4110201850,0,GB-1.5-CaC-M-460-EP,4110201850,GB,GGB,,,,Molub-Alloy 6040/460-1 1/2,4110201850,,Grease Gun_Grease,Black,Yellow-Calcium Complex,,,,C:\Users\mjhemswo\Sonae Arauco\Production Consumables - OILS and LUBRICANTS\4110199190 GB-1-Li-M-1000-AW EP\4110199190-Tribol GR 3020 1000-1 PD.pdf
4110199182,0,GB-00-LI-M-150/200-EP,4110199182,GB,GGB,,,,Spheerol EPL 0,4110199182,,Grease Gun_Grease,Red,Green-Lithium,,,,C:\Users\mjhemswo\Sonae Arauco\Production Consumables - OILS and LUBRICANTS\4110199207 GB-1-LiC-S(PAO)-1500-EP\4110199207-Spheerol SY 1501.pdf
4110201576,0,GB-00-LI-M-150,4110201576,GB,GGB,,,,Tribol GR 00,4110201576,,Grease Gun_Grease,Dark Green,Green-Lithium,,,,C:\Users\mjhemswo\Sonae Arauco\Production Consumables - OILS and LUBRICANTS\4110199215 GB-1-LiC-M-220-AW EP\4110199215-Tribol GR 4020 220-1 PD.pdf
4110199222,0,GB-000-LI/CA-M-100,4110199222,GB,GGB,,,,Tribol GR CLS 000,4110199222,,Grease Gun_Grease,Dark Green,Orange-Lithium /Calcium blend,,,,
4110199176,0,GB/GC-0-LI-M-100,4110199176,GB,GGB,,,,,,,,,,,,,C:\Users\mjhemswo\Sonae Arauco\Production Consumables - OILS and LUBRICANTS\4110199218 GB-1.5-PU-S S-100\4110199218-Optitemp PU 035 4.pdf
4110205375,0,GB- 2/3-Li-M-100 -EP,4110201577,GB,GGB,4110205375 to remain open NTG for 125ml UN,,,Stabyl MO 500,4110201577,,Grease Gun_Grease,Brown,Green-Lithium,,,,C:\Users\mjhemswo\Sonae Arauco\Production Consumables - OILS and LUBRICANTS\4110199175 GB-1.5-P-S(PAO)-46\4110199175-Tribol GR HS 1.5.pdf
4110198654,0,GB- 2/3-Li-M-100 -EP,4110201577,GB,GGB,4110198654 blocked. NTG use 4110201577,,,Stabyl MO 500,4110201577,,,,,,,,C:\Users\mjhemswo\Sonae Arauco\Production Consumables - OILS and LUBRICANTS\4110199218 GB-1.5-PU-S S-100\4110199218-Optitemp PU 035 4.pdf
4110191425,0,,,,,,,,,,OMEGA Fluid SB220,,,,,,,
4110208474,0,,,,,,,,,,Oil- Bundle- Delta Lube 0 ,,,,,,,C:\Users\mjhemswo\Sonae Arauco\Production Consumables - OILS and LUBRICANTS\4110201577 GB- 2 3-Li-M-100 -EP\4110201577-Stabyl MO 500.pdf
4110204455,0,,,,,,,,,,BOGE 3000plus 20 l Spezialkühlmittel,,,,,,,
4110183813,0,,,,,,,,,,KAESER FLUID ROTARY S-46 10 l,,,,,,,
4110169459,0,,,,,,,,,,,,,,,,,
4110207227,0,,,,,,,,,,"Hose Lubricant, Can 10 Ltrs ",,,,,,,
4110199797,0,,,,,,,,,,,,,,,,,C:\Users\mjhemswo\Sonae Arauco\Production Consumables - OILS and LUBRICANTS\4110199222 GB-000-Li Ca-M-100\4110199222-Tribol GR CLS 000.pdf
4110211090,0,,,,,,,,,,Óleo Kaeser VDL15 ,,,,,,,C:\Users\mjhemswo\Sonae Arauco\Production Consumables - OILS and LUBRICANTS\4110201576 GB-00-Li-M-150\4110201576-Tribol GR 00.pdf
4110148619,0,,,,,,,,Alphasyn HTX 68,4110214204,,,,,,,,C:\Users\mjhemswo\Sonae Arauco\Production Consumables - OILS and LUBRICANTS\4110199182 GB-00-Li-M-150 200-EP\4110199182-Spheerol EPL 0.pdf
,,,,,,,,,,,,,,,,,,
,,,,,,,,,,,,,,,,,,
,,,,,,,,,,,,,,,,,,
,,,,,,,,,,,,,,,,,,
,,,,,,,,,,,,,,,,,,
4110198052,0,,,,,,,,,,,,,,,,,C:\Users\mjhemswo\Sonae Arauco\Production Consumables - OILS and LUBRICANTS\4110199206 GB-1.5-LiC-S(PAO)-460-EP\4110199206-Spheerol SY 4601.pdf
